customer_id,age,gender,marital_status,income,credit_score,account_balance,loan_amount,num_transactions,fraud_risk
1,56,Male,Single,48138,793,6118,38505,296,0
2,69,Male,Married,112601,632,37504,19601,499,0
3,46,Male,Single,49956,426,2420,28430,19,0
4,32,Female,Married,127268,300,44437,6009,39,0
5,60,Male,Single,124797,467,4688,49759,253,0
6,25,Male,Divorced,144917,318,12707,4552,283,0
7,38,Male,Married,146303,631,738,9417,453,0
8,56,Female,Divorced,96295,755,33472,41989,97,0
9,36,Female,Married,25439,408,11299,2671,253,0
10,40,Male,Divorced,67241,567,6052,6519,390,0
11,28,Male,Single,62533,744,29416,36730,338,0
12,28,Male,Single,48270,539,5427,12734,488,0
13,41,Male,Single,98815,600,28464,45890,24,0
14,53,Female,Married,59279,402,11664,3722,13,0
15,57,Female,Divorced,129787,549,37658,4906,200,0
16,41,Female,Single,43888,752,19571,30096,177,0
17,20,Female,Divorced,37630,819,48909,40031,18,0
18,39,Male,Divorced,81063,452,6660,13699,118,0
19,19,Male,Single,138527,473,16310,21438,146,0
20,41,Male,Single,143239,642,5626,43856,163,0
21,61,Female,Divorced,147896,730,30509,33576,397,0
22,47,Male,Single,55144,623,34084,41938,218,0
23,55,Female,Single,72161,719,46682,49028,281,0
24,19,Female,Single,116718,784,25896,49877,152,0
25,38,Male,Married,145873,711,692,32247,108,0
26,50,Male,Divorced,111074,383,36913,43461,386,0
27,29,Male,Divorced,97360,412,13316,27938,317,0
28,39,Female,Married,70979,631,39582,40469,78,0
29,61,Male,Divorced,117661,677,32630,17600,256,0
30,42,Female,Single,26979,340,40642,20435,270,0
31,66,Male,Divorced,46189,404,36968,18581,285,0
32,44,Female,Single,62600,501,31198,14191,88,1
33,59,Female,Married,79560,749,11155,19190,155,0
34,45,Male,Single,98040,565,48397,27386,120,0
35,33,Female,Divorced,143257,509,30575,31721,267,0
36,32,Female,Divorced,81558,417,9859,13704,102,0
37,64,Male,Divorced,106205,676,37161,2123,22,0
38,68,Female,Married,26910,839,40079,25174,269,0
39,61,Male,Married,77713,383,42556,44301,435,0
40,69,Female,Divorced,66857,753,33772,49376,118,0
41,20,Male,Single,54964,813,43081,47216,339,0
42,54,Male,Married,105667,686,15171,14586,198,0
43,68,Female,Divorced,45227,649,27548,31976,104,0
44,24,Female,Divorced,25978,595,11238,25416,114,0
45,38,Female,Married,107527,557,26463,1814,17,0
46,26,Female,Married,37153,380,44454,13001,76,0
47,56,Female,Married,79765,567,7273,16508,200,0
48,35,Male,Single,119084,718,37084,19630,375,0
49,21,Female,Single,128212,534,30394,13380,265,0
50,42,Male,Divorced,59071,610,1217,48174,18,0
51,31,Male,Married,132990,656,12176,35699,487,0
52,67,Female,Single,89519,512,4934,46335,126,0
53,26,Male,Married,29503,348,38325,46806,276,1
54,43,Male,Divorced,80703,426,29600,12317,108,0
55,19,Male,Single,84379,522,5494,35739,494,0
56,37,Male,Single,115457,578,4734,34785,307,0
57,45,Female,Single,77866,707,4264,31980,406,0
58,64,Male,Divorced,36905,804,44449,23799,173,0
59,24,Female,Married,65838,593,37905,35183,385,0
60,61,Female,Single,145200,576,35372,29166,150,0
61,25,Male,Divorced,78279,737,42715,19480,277,0
62,64,Female,Married,109489,406,23685,1609,46,0
63,52,Female,Divorced,46806,719,43942,717,83,0
64,31,Female,Married,65000,728,41653,19945,82,0
65,34,Male,Divorced,42168,674,12499,25592,317,0
66,53,Female,Married,90119,372,36987,28141,208,0
67,67,Female,Single,58714,329,3081,30009,139,0
68,57,Female,Married,74093,487,3263,45430,255,0
69,21,Male,Divorced,75419,663,27874,6782,321,0
70,19,Female,Divorced,69145,750,39259,26536,69,0
71,23,Male,Married,125432,494,11031,33816,288,0
72,59,Male,Single,97425,455,25807,25933,112,0
73,21,Male,Single,112949,471,31335,11618,305,0
74,46,Male,Married,97811,340,11564,8307,329,0
75,35,Male,Married,22461,362,11812,26671,496,0
76,43,Male,Divorced,34291,322,38048,40673,350,0
77,61,Female,Single,66804,659,37445,42761,160,0
78,51,Male,Married,96971,374,48437,10338,166,0
79,27,Female,Single,113471,417,6976,38346,215,0
80,53,Female,Married,84946,679,25065,46602,483,0
81,31,Male,Married,118989,589,2882,6548,188,0
82,48,Female,Single,104080,739,22963,40149,206,0
83,65,Female,Married,141719,306,45776,21164,232,0
84,32,Female,Married,81332,495,33902,27526,98,0
85,25,Female,Divorced,97794,720,26845,31222,296,0
86,31,Male,Married,50841,492,45264,20176,443,0
87,40,Female,Married,144447,447,27446,2941,285,0
88,57,Male,Married,140029,501,14662,5695,245,0
89,38,Female,Divorced,68758,743,49654,39169,192,0
90,33,Female,Single,134726,718,47273,47947,218,0
91,62,Male,Divorced,96272,726,8897,47224,139,0
92,35,Female,Divorced,57643,778,22835,45865,162,0
93,64,Female,Single,70408,774,45595,25553,22,0
94,41,Female,Divorced,63950,425,14894,38965,131,0
95,43,Male,Single,76849,694,27697,38218,368,0
96,42,Female,Divorced,120500,624,22510,25359,229,0
97,62,Male,Single,48044,691,24623,24816,115,0
98,58,Female,Married,125469,739,22887,8378,384,0
99,46,Male,Divorced,145588,503,3390,1881,79,0
100,32,Male,Divorced,35997,785,28269,39567,204,0
101,62,Female,Divorced,99751,330,44126,47365,195,0
102,18,Female,Divorced,118605,687,8526,13675,108,0
103,42,Male,Married,43911,733,3806,4586,91,0
104,24,Male,Divorced,75533,675,34165,25006,84,0
105,26,Female,Married,102566,643,9777,41198,383,0
106,41,Male,Married,114870,742,42739,22831,349,1
107,18,Female,Married,34571,374,48164,35113,201,0
108,61,Female,Married,128255,454,48508,16459,334,0
109,25,Female,Single,149226,729,15183,32443,476,0
110,41,Female,Single,114463,662,1170,42316,223,0
111,28,Male,Divorced,77941,747,24175,30595,324,0
112,68,Female,Single,78005,533,18389,5877,453,1
113,34,Male,Single,106250,561,45035,39553,476,0
114,25,Female,Divorced,78712,424,13506,48601,391,1
115,52,Male,Divorced,63541,544,49036,4922,376,0
116,52,Female,Divorced,43387,841,27031,4686,327,0
117,50,Male,Single,113980,784,22139,32766,153,0
118,22,Male,Single,68908,421,17133,14407,393,0
119,59,Female,Divorced,105457,424,35160,32006,225,0
120,56,Female,Married,33057,848,3939,31422,370,0
121,58,Female,Divorced,84028,469,32672,12205,333,0
122,45,Female,Married,130804,423,36122,21054,24,0
123,24,Male,Married,139246,334,12077,23527,226,0
124,26,Female,Divorced,75731,386,12263,45947,448,0
125,25,Male,Divorced,44858,500,20676,18443,44,0
126,29,Male,Divorced,68689,668,44886,16524,192,0
127,51,Female,Single,64638,376,24755,28202,279,1
128,50,Male,Married,111598,358,41503,16,442,0
129,65,Male,Single,122386,730,20496,46142,476,0
130,40,Male,Single,66486,799,35886,16848,367,0
131,41,Male,Divorced,40567,408,21562,20855,109,0
132,54,Female,Single,49739,577,36431,18211,16,0
133,52,Female,Divorced,77804,367,36210,25095,39,0
134,61,Female,Married,128821,368,35193,38724,476,0
135,57,Female,Divorced,23754,464,36240,49241,314,0
136,39,Male,Single,47044,788,12205,37583,482,0
137,44,Male,Single,87260,604,43908,2843,153,0
138,52,Female,Divorced,86912,664,28547,29301,120,1
139,18,Female,Divorced,145623,678,11466,26460,241,0
140,52,Female,Single,28706,642,17874,31918,188,0
141,54,Male,Married,28894,653,11638,28747,81,0
142,64,Female,Married,38037,715,16435,15972,219,0
143,31,Female,Divorced,103986,408,46413,28310,229,0
144,20,Female,Married,101942,796,989,22927,89,0
145,18,Male,Single,71612,640,45016,1094,92,1
146,22,Male,Divorced,49725,682,22760,38892,51,0
147,43,Male,Single,25926,832,26569,34172,282,0
148,31,Male,Single,124555,599,19775,23324,200,0
149,56,Male,Married,29496,438,36784,20674,182,0
150,44,Male,Divorced,76447,658,39678,3982,470,0
151,26,Male,Divorced,121604,798,33321,45283,16,0
152,32,Male,Married,49806,684,17499,15790,164,0
153,32,Female,Single,108199,579,39212,12205,19,0
154,43,Female,Single,61321,782,40672,24338,43,0
155,59,Male,Single,142041,410,34222,12748,45,0
156,30,Male,Single,122031,438,11125,21097,418,0
157,68,Female,Divorced,85095,734,2129,3092,15,0
158,49,Male,Divorced,42656,808,11473,22692,417,0
159,56,Male,Married,75147,572,7359,23862,411,0
160,66,Male,Married,111396,398,42109,24860,224,0
161,69,Female,Divorced,69666,403,43807,13971,143,0
162,49,Female,Divorced,102368,513,45950,14616,294,0
163,21,Female,Single,58787,464,36546,4933,135,0
164,47,Female,Single,133767,819,22339,4926,418,0
165,54,Female,Married,82946,583,27716,25763,448,0
166,40,Male,Divorced,41727,816,19445,3969,346,0
167,56,Female,Married,128351,463,7039,35733,183,0
168,62,Male,Divorced,115081,363,34125,4319,161,0
169,32,Male,Single,142721,390,5386,41743,340,1
170,60,Female,Married,130058,416,46213,39876,35,0
171,46,Female,Married,88056,566,7985,41909,392,0
172,53,Male,Divorced,23081,439,31955,20323,124,0
173,30,Male,Single,54196,545,46948,16428,391,0
174,49,Male,Married,56735,694,17267,34578,491,0
175,24,Female,Single,124749,786,47665,20950,293,0
176,68,Female,Married,100102,775,28953,43041,396,0
177,39,Female,Single,99578,816,11244,41789,84,0
178,45,Female,Divorced,45498,483,37602,18293,175,0
179,19,Female,Married,96865,319,12726,6364,198,0
180,59,Male,Married,51656,823,28369,35349,87,0
181,62,Female,Single,87695,828,23088,691,444,0
182,23,Male,Single,57900,446,13940,30062,99,0
183,45,Male,Married,148392,603,32209,931,185,0
184,45,Male,Divorced,137235,527,48288,45896,30,0
185,61,Female,Single,104899,401,22995,31730,63,0
186,61,Female,Single,67701,716,37519,14226,193,0
187,37,Female,Single,128777,515,45448,13861,368,0
188,47,Male,Married,39033,706,49408,31301,231,0
189,28,Male,Married,143193,698,1422,48243,324,0
190,45,Male,Married,30805,798,28026,22766,337,0
191,42,Male,Married,55851,764,8457,36174,188,0
192,56,Male,Divorced,46832,381,49064,41107,285,0
193,50,Male,Divorced,83437,664,34498,17695,121,0
194,18,Female,Married,135725,462,43895,41347,233,0
195,44,Female,Divorced,33944,347,24531,3121,223,0
196,69,Female,Single,39873,810,10506,18257,68,0
197,30,Female,Single,60372,628,38201,28164,336,0
198,58,Male,Single,109464,415,47563,25491,402,0
199,20,Male,Married,35379,636,26439,23165,118,1
200,56,Female,Single,137322,446,49645,48714,394,0
201,23,Male,Divorced,56751,622,20824,3748,166,0
202,25,Female,Married,120082,742,23367,33045,200,0
203,44,Female,Divorced,109822,312,703,26553,209,0
204,26,Female,Single,25110,793,17044,44331,321,0
205,54,Male,Single,74341,586,16399,30497,205,0
206,50,Female,Single,32087,413,29563,31308,44,0
207,68,Female,Married,43762,779,25844,39560,388,0
208,59,Female,Divorced,135812,321,4248,46686,396,0
209,61,Male,Married,102617,648,39986,10374,255,0
210,41,Male,Married,120483,619,1593,4675,246,0
211,32,Female,Single,29596,425,15728,1170,113,0
212,49,Male,Married,123555,576,21384,41449,16,0
213,49,Male,Married,127539,503,25683,43485,292,0
214,41,Male,Single,38313,493,16534,12450,10,0
215,58,Male,Married,133175,846,6210,10680,228,0
216,69,Male,Single,86549,585,43000,10068,473,0
217,66,Male,Single,134914,356,19759,35230,239,0
218,66,Male,Single,43705,602,36459,46418,464,1
219,69,Male,Single,87364,462,33957,26206,181,0
220,29,Male,Married,93445,318,20643,287,96,0
221,56,Male,Single,123892,669,2603,22337,50,0
222,19,Female,Single,98645,563,865,20666,132,0
223,20,Female,Married,22023,412,47278,1161,340,0
224,66,Male,Married,139654,787,45035,49281,307,0
225,54,Female,Divorced,79796,626,16603,35131,382,0
226,66,Female,Married,100073,841,33010,24535,426,0
227,34,Male,Married,112197,364,24976,32528,187,0
228,66,Male,Divorced,84429,591,13242,38751,72,0
229,19,Male,Married,124195,324,12891,16527,493,0
230,19,Female,Married,81627,848,37440,40975,174,0
231,45,Female,Married,53848,300,29401,23853,498,0
232,40,Male,Married,57804,848,32501,14758,196,0
233,54,Male,Divorced,35379,440,16123,244,392,0
234,49,Male,Married,79664,487,2878,3178,218,1
235,50,Female,Married,47766,427,21872,31831,236,0
236,18,Female,Divorced,129126,500,45299,2176,441,0
237,36,Female,Single,88099,426,38937,37770,398,0
238,19,Female,Divorced,56060,556,36003,33654,57,0
239,61,Male,Single,114733,846,31246,26627,233,0
240,43,Male,Divorced,89122,493,28423,46489,12,0
241,49,Male,Divorced,36087,403,10367,44910,381,0
242,23,Male,Married,68868,834,41758,24881,184,0
243,49,Female,Single,139119,564,34224,35422,455,0
244,21,Female,Married,43225,683,9806,11984,108,0
245,28,Male,Single,115286,559,39891,23776,125,0
246,34,Male,Divorced,26643,713,15408,17755,279,0
247,55,Female,Divorced,113059,657,27581,7135,456,0
248,41,Male,Single,56727,374,37728,320,377,0
249,22,Female,Married,31005,654,23886,37422,262,0
250,69,Male,Married,129079,487,47254,28635,326,1
251,51,Male,Married,85697,589,45906,21684,424,0
252,23,Male,Married,36029,344,28802,23238,104,0
253,39,Male,Divorced,135281,382,19712,21889,282,0
254,28,Male,Divorced,34226,422,36118,30313,389,0
255,65,Male,Divorced,83646,657,46567,32535,33,0
256,33,Male,Divorced,80603,827,11198,48899,125,0
257,50,Female,Divorced,48731,365,5094,10770,160,0
258,26,Female,Married,129458,674,26025,39321,347,0
259,23,Female,Married,130384,461,14782,20426,59,0
260,33,Female,Married,88926,679,49553,44327,215,0
261,46,Female,Married,25997,657,14834,41777,344,0
262,20,Male,Divorced,75506,487,29679,46250,88,0
263,37,Male,Divorced,98229,621,7144,7498,79,0
264,53,Female,Divorced,69815,749,36118,39404,36,0
265,36,Male,Single,62092,773,48201,40130,280,1
266,43,Female,Married,82539,312,33433,16395,59,0
267,20,Female,Married,86077,483,43969,49346,301,0
268,36,Male,Divorced,41817,410,34187,2537,256,0
269,37,Male,Married,57861,807,41573,19226,273,0
270,49,Male,Married,33428,589,17875,15216,88,0
271,24,Female,Divorced,63934,594,48983,18613,396,0
272,69,Male,Single,135555,750,31426,3009,199,0
273,58,Female,Single,134367,514,37107,24368,56,0
274,50,Female,Single,30258,326,18142,29327,470,0
275,57,Female,Divorced,77775,530,24493,14209,370,0
276,56,Male,Married,101580,620,44886,48443,363,0
277,35,Male,Divorced,114947,532,46787,15029,481,0
278,57,Female,Divorced,25469,736,21688,2077,497,0
279,18,Male,Married,48854,832,33096,13907,361,0
280,28,Male,Single,26256,702,28272,36635,198,0
281,45,Male,Single,144086,352,31357,48920,425,0
282,42,Female,Divorced,96256,612,11276,4873,265,0
283,67,Female,Single,53937,580,33335,8635,231,0
284,40,Male,Divorced,119134,330,10288,33065,381,0
285,48,Female,Divorced,21651,636,6160,45863,250,0
286,47,Male,Married,70288,482,4978,41804,278,0
287,59,Male,Married,104730,322,8710,33783,10,0
288,52,Male,Married,45051,843,11422,34152,43,0
289,24,Male,Divorced,47386,745,36789,41513,455,0
290,33,Female,Married,95054,373,33840,29092,88,0
291,43,Female,Single,131562,309,40350,17653,245,0
292,65,Female,Single,36184,783,38663,32463,343,0
293,69,Male,Divorced,53787,755,48675,34028,386,0
294,66,Male,Divorced,41621,459,19142,40469,358,0
295,19,Male,Married,95564,313,11594,20947,107,0
296,18,Female,Divorced,97984,477,22923,29978,91,0
297,65,Male,Divorced,79792,711,33918,22056,464,1
298,29,Female,Single,65253,352,6241,29007,486,0
299,22,Female,Single,54051,707,46549,43169,424,0
300,54,Female,Married,69811,321,7338,48287,201,0
301,49,Female,Divorced,50447,329,3762,44632,262,0
302,26,Female,Divorced,148046,559,5496,48449,418,0
303,58,Female,Single,103930,504,45094,5543,47,0
304,52,Male,Divorced,143278,358,22664,21067,23,0
305,36,Male,Single,120037,770,36095,45256,401,0
306,65,Female,Married,50254,765,30757,25097,356,0
307,33,Female,Single,104045,311,14711,42847,319,0
308,20,Male,Divorced,136859,589,30953,43512,395,0
309,37,Female,Married,77418,653,5732,3809,218,0
310,41,Female,Single,134534,374,2717,22191,366,0
311,50,Male,Single,34472,740,24729,21267,471,0
312,41,Female,Married,131193,540,14732,7206,98,0
313,69,Female,Married,23471,453,26113,21057,65,0
314,28,Female,Single,127332,395,14526,28992,103,0
315,66,Male,Divorced,140312,593,29054,46514,102,0
316,25,Male,Single,143379,508,31408,15995,349,0
317,53,Male,Married,115804,642,20110,48803,94,0
318,55,Female,Single,28329,387,47146,44439,454,0
319,57,Female,Married,54865,689,40105,13210,254,0
320,37,Male,Married,66850,624,7531,17793,31,0
321,52,Female,Divorced,74220,456,48074,26270,300,0
322,65,Female,Married,132234,436,26015,5197,494,0
323,42,Female,Married,113808,727,36984,48321,281,0
324,52,Female,Divorced,128381,751,36682,7452,315,0
325,42,Female,Married,26397,440,1070,41486,131,0
326,46,Male,Divorced,117909,382,32754,14859,137,0
327,35,Female,Divorced,149004,476,19788,27236,122,0
328,63,Male,Married,55525,497,13788,31899,436,0
329,35,Female,Married,73072,720,30377,32083,282,0
330,19,Male,Single,110106,700,19389,2172,345,0
331,52,Female,Divorced,103820,770,1417,45926,451,0
332,33,Male,Single,104530,517,10566,16663,139,0
333,58,Female,Married,43284,474,30004,27540,141,0
334,53,Male,Single,81330,322,7482,19053,94,0
335,50,Female,Divorced,103369,534,39604,11085,432,0
336,21,Male,Single,45122,312,18562,30564,491,0
337,50,Female,Divorced,90553,400,17499,24209,359,0
338,31,Male,Married,101906,835,10441,3981,399,0
339,38,Male,Married,114788,822,23970,21153,90,0
340,65,Female,Divorced,82812,751,45648,5247,496,0
341,37,Female,Married,27999,730,21633,10553,482,0
342,25,Male,Married,42436,832,44935,20811,334,0
343,24,Female,Married,62963,592,5029,29845,78,0
344,20,Male,Married,22096,400,18019,6135,157,0
345,34,Male,Divorced,149940,801,12692,5573,457,0
346,50,Male,Single,133737,603,9066,13731,25,0
347,65,Female,Single,45279,839,7726,7189,316,0
348,29,Male,Married,141092,654,38430,14541,114,0
349,68,Male,Single,128899,602,49858,43646,174,0
350,39,Female,Single,134245,795,21759,11087,497,0
351,39,Female,Married,46201,526,34587,46435,210,0
352,63,Female,Married,39715,535,1641,2776,206,0
353,47,Female,Single,49309,754,5127,42079,435,0
354,55,Male,Divorced,35078,312,47769,27564,194,0
355,55,Male,Married,76614,509,3190,28835,331,0
356,62,Male,Divorced,25105,696,40591,7697,274,0
357,68,Male,Single,137666,399,3755,14629,372,0
358,25,Female,Married,114848,330,5713,8386,109,0
359,44,Male,Divorced,22839,827,37376,17046,351,0
360,44,Male,Married,88920,628,19904,8044,329,0
361,51,Female,Single,63619,465,25880,9615,223,0
362,38,Male,Divorced,62821,758,26020,47802,287,0
363,47,Male,Single,145736,399,19673,5060,171,0
364,50,Male,Single,33493,472,24489,10900,448,0
365,45,Male,Married,37069,461,43070,5581,166,0
366,64,Male,Divorced,132443,562,25019,34782,431,0
367,50,Male,Single,27531,573,22939,20173,260,0
368,22,Female,Single,57051,302,11913,12997,375,0
369,65,Female,Divorced,27736,327,15495,43403,106,0
370,36,Male,Single,27710,625,24059,46416,27,0
371,21,Male,Single,87155,448,45851,7148,336,0
372,52,Female,Divorced,33975,839,24013,18748,458,0
373,66,Male,Divorced,82424,787,5521,14022,392,0
374,34,Male,Divorced,65603,737,32964,20013,106,0
375,61,Male,Divorced,43252,364,21619,38687,10,0
376,45,Female,Married,100797,655,29799,15886,225,0
377,47,Male,Divorced,21431,832,39850,25256,141,0
378,46,Female,Married,94603,551,46723,30005,269,0
379,63,Male,Married,57481,534,26017,6638,134,1
380,23,Female,Married,112573,526,13617,37419,91,0
381,52,Female,Single,29557,824,22750,33377,292,0
382,58,Male,Married,94971,612,19450,40708,180,0
383,54,Female,Married,123302,348,17859,43116,68,0
384,41,Male,Single,20162,417,24096,36634,41,0
385,46,Female,Single,54742,353,26030,16755,170,0
386,66,Male,Single,39675,343,1762,23382,293,0
387,63,Male,Divorced,93997,352,40650,49767,115,0
388,48,Female,Single,37015,824,23115,22394,114,0
389,52,Male,Single,70057,401,3827,2253,448,0
390,50,Male,Married,52591,697,30268,37710,237,0
391,69,Female,Single,113583,437,29350,45098,197,0
392,38,Male,Divorced,146133,686,43288,864,79,0
393,49,Male,Single,120318,410,17348,34036,327,0
394,40,Female,Divorced,29833,316,47330,40222,473,0
395,50,Female,Single,27896,481,40042,13666,299,0
396,20,Male,Single,52972,835,15660,20955,96,0
397,35,Male,Single,69733,840,34498,45138,379,0
398,42,Female,Single,140363,470,27730,37997,371,0
399,59,Female,Divorced,61800,708,9576,16309,481,0
400,48,Male,Divorced,116044,677,4305,4054,65,0
401,20,Female,Married,25347,487,31585,935,122,0
402,57,Male,Divorced,79063,529,15215,44940,22,0
403,63,Male,Single,115850,418,6250,22778,449,0
404,41,Male,Married,22643,455,48895,43298,27,0
405,67,Male,Married,60785,764,13732,48328,191,0
406,49,Male,Married,38681,403,36403,48924,470,0
407,64,Female,Single,70026,801,7453,16709,122,0
408,39,Female,Divorced,123864,474,32593,9726,238,0
409,40,Female,Single,35892,720,26000,40542,180,0
410,19,Female,Married,67299,433,22918,20245,304,0
411,44,Male,Single,37073,690,34814,34753,198,0
412,59,Male,Single,122304,800,48725,14252,435,0
413,19,Male,Divorced,50682,332,22949,21316,474,0
414,43,Male,Divorced,117798,354,17978,37371,88,0
415,34,Female,Married,146021,818,35679,19162,155,0
416,57,Male,Single,116894,311,47381,15960,416,0
417,50,Male,Single,144302,827,25838,30791,191,0
418,26,Female,Divorced,34289,672,27399,42230,295,1
419,60,Female,Single,135359,783,4645,25216,259,0
420,65,Female,Single,27927,527,32601,32467,363,0
421,56,Female,Single,68330,606,3275,46934,323,0
422,46,Male,Divorced,86707,756,46461,7754,205,0
423,59,Male,Married,140279,459,32147,47014,332,0
424,43,Female,Married,97454,630,46119,4078,80,0
425,52,Male,Single,127439,524,46338,12853,257,0
426,67,Male,Married,124646,803,20039,4042,155,0
427,42,Male,Divorced,85428,755,37238,49052,115,1
428,41,Female,Divorced,70601,344,27116,14389,272,0
429,30,Male,Married,97465,513,14619,30425,305,0
430,24,Female,Married,22539,358,25659,2575,79,0
431,53,Male,Single,122263,494,37599,39522,479,0
432,62,Male,Married,131487,788,10795,28179,202,0
433,37,Male,Single,42669,456,35210,34754,77,0
434,18,Female,Single,90968,525,25185,18624,314,0
435,25,Male,Divorced,40644,711,49843,20350,61,0
436,63,Female,Divorced,38745,504,25979,26681,379,0
437,33,Female,Divorced,140852,378,46672,23988,372,0
438,31,Female,Divorced,148081,423,34129,15470,294,0
439,29,Male,Married,48228,770,42543,24704,414,0
440,68,Male,Divorced,138358,517,17533,38736,483,0
441,40,Male,Married,54521,815,37402,29377,343,0
442,32,Male,Divorced,142788,403,45071,28572,18,0
443,45,Female,Married,117239,692,15908,7493,260,0
444,51,Female,Single,46928,733,17920,4103,440,0
445,19,Female,Married,38322,630,16851,34844,341,0
446,49,Male,Married,77714,442,4631,2994,307,0
447,40,Female,Divorced,107896,839,45325,3744,444,0
448,39,Male,Married,82292,577,11849,47234,193,0
449,68,Female,Single,49055,532,44754,47291,188,0
450,42,Male,Single,62891,828,38725,27332,207,0
451,39,Male,Divorced,101912,389,39347,5594,137,0
452,39,Female,Single,26588,791,12953,40299,29,0
453,66,Female,Married,110536,498,19314,7371,481,0
454,69,Female,Single,26304,661,18763,47315,420,0
455,59,Female,Divorced,27345,740,12658,18028,431,0
456,23,Male,Married,49300,325,16235,35912,337,0
457,32,Female,Divorced,44259,324,16330,13990,74,0
458,60,Female,Married,111006,693,48393,46851,191,0
459,54,Female,Single,108553,806,45173,16626,250,0
460,50,Male,Divorced,35352,600,24426,20469,378,0
461,25,Male,Divorced,149350,638,45566,40722,33,0
462,61,Female,Married,53365,566,35279,40037,393,0
463,61,Male,Divorced,39446,760,3873,7130,440,0
464,22,Female,Married,22336,755,10835,6828,464,0
465,56,Male,Married,82032,659,24241,41612,92,0
466,21,Male,Married,95415,367,11192,46988,479,0
467,23,Male,Married,117852,711,47795,39099,328,0
468,62,Male,Single,118876,790,46041,46165,194,0
469,49,Female,Married,27521,348,34557,17883,448,0
470,69,Female,Divorced,91707,401,1947,43059,325,0
471,47,Female,Single,43481,515,20083,18542,108,0
472,64,Male,Divorced,38474,737,23265,42932,71,0
473,52,Female,Single,66760,458,24406,10450,295,0
474,57,Female,Married,75718,788,20067,20423,486,0
475,69,Female,Single,64629,541,14639,2035,31,0
476,33,Male,Single,65232,304,47025,44231,468,0
477,30,Male,Divorced,106544,660,38730,40745,221,1
478,67,Male,Divorced,87169,758,20020,17241,135,0
479,59,Female,Married,147941,547,20202,23154,422,0
480,47,Female,Single,70669,721,26066,25625,434,0
481,36,Female,Single,98021,314,8157,44950,51,0
482,34,Male,Single,129153,421,38188,33066,107,0
483,36,Male,Married,89184,576,30634,33691,458,0
484,45,Female,Married,67945,752,10845,13331,40,0
485,43,Male,Married,33140,689,41685,20690,167,0
486,54,Male,Married,146468,593,27913,19183,121,0
487,43,Male,Married,103457,745,5708,39346,411,0
488,40,Male,Divorced,34357,509,33955,4875,256,0
489,26,Female,Single,131672,601,28518,12254,131,0
490,29,Male,Single,88673,522,46491,28621,282,0
491,18,Male,Single,141673,302,8580,10905,303,0
492,18,Male,Single,85633,817,22402,46121,407,0
493,64,Male,Single,96943,392,9986,15882,480,0
494,51,Female,Single,116111,819,39362,19041,482,0
495,49,Female,Single,98258,727,21658,29098,216,0
496,65,Male,Single,32924,792,40960,42431,119,0
497,42,Male,Divorced,89286,534,44356,33709,449,0
498,57,Male,Single,113269,460,36371,34675,287,1
499,62,Male,Divorced,147563,630,35708,4837,460,0
500,18,Male,Married,94071,632,21019,46448,65,0
501,33,Male,Single,77326,349,31879,24489,384,0
502,56,Female,Married,110023,822,28878,17627,412,0
503,22,Male,Married,140101,791,40392,5696,66,0
504,39,Female,Married,50651,571,14531,48994,437,0
505,46,Female,Divorced,90202,551,15036,13543,491,0
506,20,Male,Married,68777,389,946,12615,300,0
507,29,Female,Married,36994,745,37183,1466,123,0
508,43,Female,Married,87263,631,49055,30771,390,0
509,33,Female,Single,79634,438,18118,18350,394,0
510,68,Female,Single,120158,656,7087,375,317,1
511,54,Female,Divorced,30800,573,31980,33030,350,0
512,39,Female,Divorced,57823,318,33494,20746,486,0
513,46,Male,Single,128575,610,21027,22886,207,0
514,31,Female,Divorced,83878,453,24069,44348,430,0
515,45,Female,Single,38708,689,11651,42904,330,0
516,22,Female,Married,32819,559,6058,32651,188,0
517,64,Male,Married,94905,424,45239,7833,394,0
518,66,Female,Divorced,83870,653,33454,1893,228,0
519,47,Male,Single,29283,572,47948,30573,286,0
520,63,Female,Single,50573,544,47827,31371,446,0
521,69,Male,Divorced,98707,749,44337,40874,25,0
522,22,Male,Single,50933,546,35803,11826,388,0
523,29,Female,Married,25774,819,35200,34420,70,0
524,33,Female,Divorced,92055,440,28000,21924,63,0
525,43,Male,Divorced,30983,661,2532,33367,177,0
526,43,Female,Single,116468,307,1752,21199,35,0
527,65,Male,Divorced,116334,777,6009,25868,345,0
528,38,Male,Single,38133,651,38342,8792,485,0
529,56,Male,Single,145555,794,14400,20597,74,0
530,53,Male,Single,34939,726,15023,36405,109,0
531,50,Male,Single,20781,338,2381,32696,83,0
532,47,Female,Single,134586,486,33537,43123,201,0
533,54,Male,Divorced,76700,392,2130,15989,180,0
534,40,Male,Married,47624,385,21289,28931,282,0
535,27,Female,Married,26823,343,23023,9290,386,0
536,22,Male,Divorced,38489,436,18458,38367,196,0
537,53,Female,Divorced,138555,720,46651,14342,32,0
538,51,Female,Married,59961,373,49420,24941,400,0
539,69,Female,Married,139664,847,44352,13945,437,1
540,48,Male,Married,49118,811,2195,10762,190,0
541,27,Male,Married,120417,455,15321,30133,336,0
542,36,Male,Married,101816,554,3762,47080,117,0
543,49,Female,Single,42263,470,1945,40150,344,0
544,18,Male,Divorced,33565,469,16936,27052,171,0
545,22,Female,Single,40354,621,10449,41750,311,0
546,62,Male,Married,62951,755,24463,19953,461,0
547,21,Female,Married,111179,454,30432,40475,215,0
548,33,Male,Married,43648,648,7401,17130,87,0
549,41,Male,Single,70729,750,33987,31086,25,0
550,33,Male,Single,61971,472,9097,4633,336,0
551,19,Female,Married,38658,309,7355,17304,105,0
552,66,Female,Single,41253,564,19178,42037,156,1
553,45,Male,Single,84166,737,8763,32284,11,1
554,49,Male,Married,68563,546,47788,46546,19,0
555,44,Female,Single,46390,845,26305,7008,443,0
556,37,Female,Divorced,108664,798,26643,48291,134,0
557,41,Female,Divorced,71578,428,12374,27405,90,0
558,29,Male,Divorced,99025,626,28029,36386,494,0
559,67,Female,Divorced,123850,703,21366,25373,149,0
560,52,Male,Married,52658,658,14579,20827,335,0
561,50,Female,Married,26852,316,7743,33040,159,0
562,50,Male,Married,147282,573,30372,13007,297,0
563,68,Female,Divorced,114986,415,9518,18157,370,0
564,60,Female,Divorced,22551,390,12600,32157,349,0
565,54,Female,Single,91947,381,49959,35315,138,0
566,29,Female,Single,81001,623,20300,35932,447,0
567,20,Female,Divorced,69159,413,27410,21164,248,0
568,18,Male,Divorced,142775,357,29937,14414,67,0
569,50,Female,Divorced,71707,453,38088,14327,207,0
570,57,Female,Divorced,53243,703,11501,48344,220,0
571,27,Female,Single,41800,565,47175,946,411,0
572,60,Male,Divorced,95939,614,20442,14693,399,0
573,61,Female,Single,77828,340,21362,27241,54,0
574,46,Male,Divorced,27239,404,12169,49658,106,0
575,30,Female,Divorced,26710,492,16416,30254,288,0
576,29,Female,Divorced,41384,700,11378,15540,32,0
577,48,Male,Single,41038,577,3485,6719,419,0
578,63,Female,Single,60846,653,32869,41203,470,0
579,19,Male,Married,107983,555,8612,25081,400,0
580,68,Male,Divorced,87821,398,41735,11350,344,0
581,67,Female,Married,57991,581,19431,36358,53,0
582,52,Male,Married,99057,702,27840,32021,36,0
583,40,Female,Single,133193,408,836,42832,291,0
584,34,Female,Single,26971,498,43433,28369,106,0
585,43,Male,Married,49139,602,19863,31728,472,0
586,25,Male,Divorced,105445,626,46036,17576,45,1
587,46,Male,Single,97067,453,4468,29001,118,0
588,43,Male,Divorced,100257,704,34178,17848,64,0
589,27,Female,Divorced,104742,761,48900,390,201,1
590,43,Female,Married,57711,431,16779,21999,228,1
591,51,Male,Married,26530,383,3629,45436,194,0
592,68,Female,Married,31116,698,38715,11569,78,0
593,58,Female,Married,85794,408,39397,13029,326,0
594,24,Female,Single,20282,520,6350,22490,139,0
595,21,Female,Single,99473,667,21088,45875,64,0
596,67,Male,Married,21898,446,40714,35328,387,0
597,62,Male,Single,24135,411,12449,5867,106,0
598,28,Female,Married,26629,793,9019,15284,345,0
599,46,Male,Divorced,129472,804,26875,33979,96,0
600,53,Male,Divorced,145147,774,33582,9121,303,0
601,42,Male,Divorced,105120,570,12237,1539,128,0
602,38,Female,Married,139798,720,1634,25488,217,0
603,53,Female,Divorced,109087,666,11438,17027,343,0
604,27,Female,Single,85031,579,24986,8693,422,0
605,54,Male,Divorced,53380,582,48856,8921,163,0
606,26,Female,Divorced,149951,339,26596,10310,44,0
607,41,Female,Divorced,132507,488,41615,45512,88,0
608,52,Male,Single,37071,463,6092,30908,76,0
609,66,Female,Married,40074,835,18608,4386,352,0
610,52,Female,Single,110724,835,17770,32263,422,0
611,65,Male,Married,87843,303,28149,28412,43,0
612,53,Male,Married,59901,589,11497,17303,106,0
613,35,Male,Divorced,31205,732,33989,12242,178,0
614,66,Female,Married,75661,770,9604,47025,178,0
615,56,Female,Single,144661,480,1370,8947,160,1
616,49,Female,Single,25906,547,29184,46714,80,0
617,41,Male,Married,22591,578,40019,5930,12,0
618,40,Male,Divorced,145576,553,35024,38170,323,0
619,49,Female,Divorced,82987,480,31457,48785,41,0
620,54,Female,Single,83370,808,34385,507,296,1
621,29,Male,Divorced,100685,625,44869,1436,91,0
622,66,Male,Married,130454,656,36096,27151,52,0
623,30,Male,Married,125487,690,30366,11618,400,0
624,40,Male,Single,74400,384,31176,8750,114,0
625,42,Female,Married,45150,616,48264,16122,10,0
626,52,Male,Single,51852,511,14378,7354,70,0
627,58,Female,Married,62870,814,40260,44062,279,0
628,47,Female,Single,139796,683,28059,30979,189,0
629,34,Female,Divorced,72756,641,47046,20900,233,0
630,66,Male,Married,135357,337,7271,13840,15,1
631,37,Male,Married,139052,810,17026,37167,112,0
632,65,Male,Single,76481,719,30396,5037,19,0
633,42,Male,Single,21283,468,32423,28633,80,0
634,39,Female,Married,53691,642,36703,24495,99,0
635,30,Male,Single,21125,605,39890,15848,235,0
636,36,Male,Married,87065,841,13352,36483,167,0
637,66,Female,Divorced,148734,836,48074,47645,237,0
638,53,Male,Single,46170,411,43891,7837,414,0
639,29,Female,Married,28438,710,2348,34069,135,0
640,58,Female,Divorced,40095,505,31527,7370,453,0
641,36,Female,Divorced,36154,484,35964,6411,218,0
642,29,Female,Married,28004,681,34985,39133,106,0
643,26,Female,Single,29752,795,19956,30499,83,0
644,24,Female,Married,75426,678,9759,30225,124,1
645,45,Female,Divorced,128896,346,36054,48217,200,0
646,31,Female,Married,46819,827,47422,692,179,0
647,48,Male,Single,122168,803,13909,28926,316,0
648,69,Male,Divorced,112051,321,4291,34246,457,0
649,36,Male,Married,147905,512,26364,39164,213,0
650,64,Male,Single,44217,609,37139,8448,65,0
651,33,Female,Divorced,145949,571,35074,43390,217,0
652,22,Male,Single,108708,501,18388,49593,50,0
653,52,Female,Divorced,52994,331,20192,10073,41,0
654,29,Male,Married,35036,742,24001,35414,24,0
655,42,Male,Single,97275,461,13804,5209,71,0
656,69,Male,Divorced,117756,553,28027,6533,164,0
657,38,Female,Single,69416,820,18574,21061,293,0
658,53,Male,Single,29587,779,16049,7211,218,0
659,40,Female,Married,130053,309,30463,9927,329,0
660,33,Female,Single,115665,804,26420,11927,196,0
661,56,Male,Divorced,20645,735,31326,24594,451,0
662,62,Male,Divorced,50930,410,36571,9316,139,0
663,59,Male,Divorced,101835,452,16561,12177,136,0
664,56,Female,Divorced,142232,401,29310,10846,301,0
665,31,Male,Married,50090,490,48466,7933,123,0
666,48,Female,Single,107489,380,23300,38244,208,0
667,22,Female,Married,72142,788,43923,46621,22,0
668,52,Male,Single,131979,387,42192,40696,280,0
669,40,Male,Single,46475,493,10440,2080,98,0
670,46,Female,Single,38888,403,4424,6089,224,0
671,60,Female,Married,63732,395,28554,26123,453,0
672,28,Female,Single,101623,722,10283,7797,287,0
673,35,Male,Married,66305,497,37753,8346,456,0
674,64,Female,Divorced,66037,300,45897,19878,483,0
675,29,Male,Divorced,29346,706,13733,33672,490,0
676,26,Female,Single,20587,677,46169,17653,212,0
677,27,Female,Married,32763,466,24984,49556,83,0
678,61,Male,Divorced,79165,808,25568,42742,34,0
679,34,Female,Married,127481,612,691,26140,110,0
680,55,Male,Married,89615,717,25574,1184,185,0
681,24,Male,Single,56116,776,5417,34493,436,0
682,63,Female,Divorced,140987,372,39099,44148,126,0
683,30,Male,Single,105751,440,26332,24846,175,0
684,57,Male,Single,111353,561,43428,45825,50,0
685,59,Female,Divorced,110301,639,21206,22195,438,0
686,26,Male,Divorced,115648,607,14182,5606,353,0
687,67,Male,Married,45556,544,27262,3956,433,0
688,44,Male,Divorced,79042,814,23883,16555,375,0
689,19,Female,Married,38099,636,28296,24849,129,0
690,22,Male,Married,129089,375,24166,18690,106,0
691,46,Female,Married,65096,474,26162,48849,154,0
692,54,Female,Divorced,91986,408,45659,26347,225,0
693,55,Male,Single,33230,482,35142,33189,238,0
694,36,Male,Married,49009,491,42330,38308,322,0
695,25,Male,Single,90969,364,38031,25785,139,0
696,65,Female,Single,53866,773,10734,49056,361,0
697,62,Male,Divorced,125400,399,9721,32698,386,0
698,18,Male,Single,104246,843,11910,15966,327,0
699,39,Male,Single,96975,427,15019,31097,481,0
700,69,Male,Divorced,61855,751,1551,15882,146,0
701,34,Male,Married,101557,668,45493,4675,333,0
702,24,Female,Single,26416,342,10265,41850,346,0
703,42,Female,Divorced,92516,718,11882,13009,282,0
704,62,Male,Single,75915,787,13080,27843,126,0
705,21,Male,Single,38058,377,32823,29793,315,0
706,53,Male,Married,96637,569,45257,39516,377,0
707,23,Male,Single,60718,614,12439,38871,103,0
708,48,Female,Divorced,52602,467,30464,17857,177,1
709,36,Male,Single,94658,638,807,19627,451,0
710,61,Female,Married,98112,492,3859,18565,212,0
711,56,Female,Married,78067,752,30148,26025,350,0
712,44,Male,Divorced,47516,582,36444,27832,158,0
713,27,Female,Married,149295,635,34519,44116,411,0
714,43,Female,Single,107969,689,38634,9782,192,0
715,36,Female,Married,21089,824,27823,38650,422,0
716,56,Female,Divorced,57346,539,6726,22366,161,0
717,20,Male,Married,94663,782,22189,28557,83,0
718,62,Male,Married,30487,757,31471,5798,374,0
719,30,Female,Married,20155,388,26454,9627,410,0
720,67,Male,Divorced,143950,394,24923,41183,283,0
721,45,Male,Married,87494,751,30891,12466,51,0
722,37,Male,Married,96229,727,14830,42614,221,0
723,45,Male,Single,124648,450,5391,12720,110,0
724,25,Male,Divorced,58547,813,5492,41913,54,0
725,58,Female,Married,48795,675,2461,37292,91,1
726,56,Male,Divorced,75296,321,12997,6559,26,0
727,18,Male,Married,41447,612,33051,40388,82,0
728,20,Male,Married,56598,818,11348,19158,23,0
729,30,Male,Married,61814,505,13755,30916,442,0
730,45,Female,Single,110751,674,5067,22057,166,0
731,66,Female,Single,145118,750,49347,35892,232,0
732,42,Female,Single,95330,478,39781,41439,141,0
733,50,Female,Divorced,141347,509,48503,11706,347,0
734,55,Male,Divorced,118745,799,20889,12070,413,0
735,23,Female,Single,107960,763,45023,40902,385,0
736,61,Male,Divorced,83278,423,44419,924,385,0
737,62,Male,Married,75077,412,17067,26478,56,0
738,49,Male,Married,132782,311,3858,5506,116,0
739,62,Male,Married,142046,425,23499,46418,117,0
740,64,Male,Single,122932,630,42858,35163,274,0
741,38,Female,Divorced,91906,582,11488,24604,214,1
742,33,Female,Single,29528,439,40946,15310,88,0
743,38,Female,Divorced,113812,700,32021,8226,164,0
744,28,Female,Married,70100,396,6198,11781,280,0
745,54,Male,Single,129869,816,1773,5515,485,0
746,53,Female,Divorced,28179,368,28043,36133,494,0
747,52,Male,Divorced,68781,417,31849,16972,256,0
748,36,Female,Married,75267,358,11741,32092,28,0
749,37,Male,Single,102379,332,9997,11410,355,0
750,35,Male,Single,43952,617,42375,19522,445,0
751,64,Female,Single,73798,349,33203,9095,35,0
752,58,Male,Married,118696,788,44541,23047,226,0
753,66,Male,Single,130434,318,32454,20470,163,0
754,31,Female,Married,70939,496,8502,43129,163,0
755,32,Male,Married,49516,749,4747,8531,183,0
756,48,Female,Married,76526,751,42488,37038,101,0
757,18,Female,Divorced,30449,588,22198,22403,442,0
758,20,Female,Single,70290,440,20238,42674,347,0
759,33,Male,Single,146688,383,11203,29122,489,0
760,40,Male,Married,106661,690,48740,16940,190,0
761,28,Male,Married,92954,514,49922,29831,140,0
762,29,Female,Single,42746,825,18070,11279,459,0
763,27,Male,Married,87990,514,12892,38220,490,0
764,49,Female,Single,78810,702,45224,6477,307,0
765,33,Female,Divorced,138362,427,32799,17400,284,0
766,25,Male,Married,103297,776,16141,6470,282,0
767,55,Female,Single,35223,703,14498,2062,426,0
768,29,Male,Married,92237,328,6805,41798,85,1
769,41,Male,Single,22597,637,33226,19880,186,0
770,45,Male,Single,85677,660,19282,34581,193,0
771,25,Male,Married,22659,691,13221,44439,328,0
772,45,Male,Divorced,106516,517,40263,14308,140,0
773,53,Female,Single,94567,501,12927,26027,372,0
774,43,Female,Single,35037,316,47050,30720,58,0
775,25,Female,Single,146498,621,21066,35081,64,0
776,67,Male,Divorced,66738,817,2730,9706,163,0
777,45,Male,Divorced,123965,624,7011,9837,364,0
778,45,Male,Married,91678,711,49780,38599,209,0
779,54,Female,Divorced,32109,617,42729,36824,317,0
780,58,Male,Married,42010,381,26677,33073,365,0
781,53,Female,Married,28787,773,5265,47115,382,0
782,44,Female,Divorced,128400,767,20854,32088,127,0
783,34,Male,Married,28472,724,24429,28112,272,0
784,26,Male,Divorced,135111,503,29320,26299,55,0
785,50,Female,Married,43383,686,46540,34457,311,0
786,37,Male,Divorced,81709,397,30023,30063,365,0
787,30,Female,Divorced,89785,644,6052,3917,409,0
788,45,Male,Married,133253,507,1127,2936,417,0
789,65,Male,Single,54518,813,12489,36630,198,0
790,46,Female,Married,73909,465,14280,14506,319,0
791,30,Male,Divorced,38351,321,7089,28805,327,0
792,63,Female,Single,89624,453,35312,14318,138,0
793,52,Male,Married,73330,738,28628,48068,58,0
794,23,Female,Married,142477,594,46439,26026,34,0
795,35,Female,Married,35282,518,39152,27672,275,1
796,68,Male,Single,104866,794,28290,38417,127,0
797,22,Female,Divorced,127945,529,41453,27281,473,0
798,64,Male,Married,41778,319,749,48442,153,0
799,42,Male,Married,44264,447,19809,28091,451,0
800,19,Male,Married,79675,407,26401,38328,209,0
801,27,Female,Married,25075,702,24076,48219,166,0
802,47,Female,Married,95948,782,32008,18610,496,0
803,67,Male,Divorced,68454,666,9675,1079,357,0
804,62,Male,Divorced,48365,713,25964,29850,143,0
805,22,Female,Married,92766,608,16760,46751,409,0
806,50,Male,Single,68200,433,35940,20590,157,0
807,18,Male,Divorced,31002,582,30046,30951,345,0
808,35,Female,Single,33947,372,40547,15327,80,0
809,49,Male,Divorced,99222,780,41930,12755,242,0
810,64,Female,Married,114840,651,2487,7235,343,0
811,66,Male,Divorced,136219,625,49742,17197,308,0
812,28,Female,Married,98610,742,25605,21473,163,1
813,38,Male,Divorced,72142,399,13448,2031,99,0
814,43,Male,Married,76307,358,13526,41282,343,0
815,42,Female,Married,24493,807,3273,41863,208,0
816,39,Male,Married,144023,557,46427,14287,170,0
817,44,Female,Married,70085,712,10378,38679,35,0
818,66,Male,Single,54228,751,43446,44463,130,0
819,30,Female,Married,99676,364,10877,32230,310,0
820,50,Female,Single,71875,453,7847,19037,221,0
821,51,Female,Single,51655,565,34276,27052,72,0
822,58,Female,Married,63472,378,4283,3340,460,0
823,52,Male,Single,69437,614,4798,40644,445,0
824,18,Male,Divorced,69416,547,5168,48664,77,0
825,38,Female,Married,79711,713,21171,45203,262,0
826,65,Female,Single,26816,324,35320,1141,419,0
827,23,Female,Married,97175,583,34984,25425,468,0
828,45,Male,Married,84307,748,33578,19281,11,0
829,34,Male,Married,132728,600,47659,42049,407,0
830,22,Male,Single,66733,367,21422,20425,117,0
831,48,Male,Divorced,148202,306,34528,34806,295,0
832,22,Female,Divorced,115028,436,46425,32113,58,0
833,55,Female,Single,136450,463,20816,4270,149,0
834,20,Female,Married,31240,382,11960,42814,227,0
835,40,Male,Single,118234,719,17468,4683,53,0
836,54,Male,Single,112493,372,30766,49646,426,0
837,54,Male,Single,145149,536,30709,39884,278,0
838,27,Female,Married,118344,345,24500,29809,87,0
839,27,Female,Single,91363,561,14511,34552,225,0
840,36,Male,Married,52762,475,3366,3786,391,0
841,34,Female,Single,28259,465,47633,21650,107,0
842,38,Male,Divorced,70139,669,6398,28706,245,0
843,31,Male,Single,148775,353,18895,9190,291,0
844,26,Female,Single,34849,718,39519,38196,158,0
845,63,Male,Divorced,101768,806,38207,39449,421,0
846,18,Female,Married,126108,640,4506,39661,313,0
847,68,Male,Married,109709,426,34893,29709,493,0
848,62,Female,Single,74869,708,11456,45429,433,0
849,30,Female,Divorced,146888,666,31163,14892,75,0
850,21,Female,Married,83095,570,6578,9643,243,0
851,18,Male,Single,137886,678,30131,9943,466,0
852,66,Male,Divorced,90910,372,30640,43240,96,0
853,57,Female,Married,106710,547,42191,45760,88,0
854,49,Female,Married,43567,342,4461,21042,214,0
855,51,Male,Divorced,55292,676,29777,43894,288,0
856,45,Male,Divorced,94813,340,42074,6869,346,0
857,48,Male,Divorced,117136,469,31917,40437,263,0
858,25,Female,Divorced,71631,511,22984,44306,313,0
859,56,Male,Single,29885,792,18603,42833,389,0
860,43,Male,Divorced,79659,338,29845,20918,139,0
861,51,Female,Married,74306,668,46826,28379,93,0
862,20,Male,Married,86314,450,39954,42939,285,0
863,67,Male,Single,85087,410,2087,25274,196,0
864,29,Male,Married,49165,779,43071,17696,55,0
865,18,Female,Married,78929,735,21531,2962,396,0
866,61,Female,Divorced,87028,346,26712,13851,192,0
867,22,Female,Married,115998,665,10850,45747,277,1
868,47,Female,Single,69812,368,19316,5296,305,1
869,47,Female,Divorced,70500,598,20788,14745,331,0
870,34,Female,Divorced,99151,595,29932,5730,109,0
871,65,Female,Single,78643,502,44722,13921,87,1
872,64,Male,Divorced,64900,360,49117,32894,281,0
873,40,Male,Divorced,62946,613,7337,5602,348,0
874,32,Female,Single,27851,460,34717,17575,171,0
875,54,Male,Divorced,36288,630,21384,19023,53,0
876,38,Male,Single,92692,827,5954,45349,247,0
877,31,Female,Single,87580,637,9924,15997,143,0
878,19,Male,Married,27368,603,37385,17750,470,0
879,28,Male,Married,105436,802,42137,41979,201,0
880,68,Male,Divorced,116136,637,44118,22837,365,1
881,56,Male,Divorced,66403,849,18912,14997,287,0
882,55,Male,Single,111170,574,47611,39439,27,0
883,51,Female,Divorced,29168,463,40113,23067,21,0
884,55,Female,Single,106497,742,20642,45039,189,0
885,67,Female,Single,69879,618,37892,20923,132,0
886,51,Male,Divorced,79871,803,9348,8876,255,0
887,35,Female,Single,129632,686,49817,2887,231,0
888,47,Male,Married,131623,793,13636,42422,382,0
889,32,Male,Divorced,109388,789,1089,36854,60,0
890,44,Male,Married,118646,372,21408,36948,497,0
891,68,Male,Divorced,52174,808,7009,2841,80,0
892,51,Female,Single,119751,689,40961,28756,489,1
893,69,Female,Divorced,112491,594,42722,6040,57,0
894,55,Male,Married,26581,668,49723,10304,28,0
895,50,Female,Single,130155,848,44976,30341,271,1
896,41,Male,Divorced,91853,486,46210,4758,93,0
897,32,Female,Divorced,84046,744,49920,17010,164,0
898,47,Female,Divorced,69678,662,10468,31658,62,0
899,59,Male,Married,128392,422,2962,49002,116,0
900,68,Female,Married,131250,487,9960,37782,366,0
901,34,Male,Divorced,46649,719,34283,1375,313,0
902,22,Female,Single,147795,551,9775,33949,144,0
903,46,Male,Single,108668,848,29177,22092,452,0
904,21,Male,Married,102325,634,13769,490,78,0
905,27,Female,Single,34567,391,906,3729,20,0
906,34,Female,Married,100404,829,7884,5974,152,0
907,27,Male,Divorced,109906,362,23053,19680,201,0
908,34,Female,Married,128069,811,24866,18324,396,0
909,37,Female,Married,116019,438,44536,31334,387,0
910,41,Male,Divorced,81944,484,17869,21398,78,0
911,22,Male,Single,138428,504,12295,34650,32,0
912,51,Female,Married,98002,513,4985,21292,190,0
913,23,Male,Married,48803,555,42169,35755,302,0
914,19,Male,Divorced,38230,434,3118,38353,18,0
915,30,Male,Single,37862,387,30643,3159,280,0
916,60,Female,Married,63355,506,29925,32626,396,0
917,60,Female,Divorced,51259,428,23173,29351,102,1
918,65,Male,Married,119075,302,10103,37298,463,0
919,28,Female,Divorced,107445,420,40196,17065,26,0
920,68,Male,Single,50795,684,5868,21638,163,0
921,64,Female,Single,134604,337,5121,1073,414,0
922,40,Male,Single,28770,640,15219,46511,337,0
923,33,Male,Single,31093,320,29727,18771,158,1
924,48,Female,Married,66571,541,44394,35461,386,0
925,28,Male,Married,20193,754,8066,42330,276,0
926,33,Female,Single,120311,602,12806,29320,431,1
927,25,Female,Single,37569,368,24542,4340,337,0
928,21,Male,Single,137082,428,15586,34924,115,0
929,57,Male,Married,31190,495,17887,16184,481,0
930,21,Female,Single,82824,439,27542,40734,390,0
931,42,Male,Single,62752,743,24388,2580,44,0
932,20,Male,Single,52327,582,27014,40025,128,0
933,49,Male,Divorced,62070,611,18823,28967,23,0
934,20,Male,Single,105925,834,18519,2159,23,0
935,44,Male,Divorced,60197,576,10390,48940,275,1
936,46,Female,Divorced,22261,360,41363,13900,149,0
937,49,Female,Single,138424,618,45987,11440,303,0
938,67,Male,Divorced,113905,351,10783,14678,373,0
939,68,Male,Single,46512,452,18779,47204,128,0
940,36,Male,Married,26716,610,47499,12021,247,0
941,38,Female,Married,106795,843,23408,6772,43,0
942,22,Male,Married,48933,688,47966,1627,178,0
943,35,Female,Married,127225,847,38452,44432,19,0
944,45,Female,Divorced,24378,476,35670,8219,131,0
945,59,Female,Single,60583,661,38163,23464,410,0
946,39,Male,Single,132082,613,44672,30232,154,0
947,38,Female,Single,105371,396,48429,42481,460,0
948,23,Male,Married,49033,512,9843,8488,455,0
949,18,Female,Married,44000,436,11137,34949,232,0
950,22,Male,Single,131032,305,35224,44362,380,0
951,58,Female,Married,95868,408,40291,39932,266,0
952,29,Male,Single,62604,846,29634,18981,277,0
953,43,Female,Single,88336,338,47330,901,368,0
954,63,Male,Single,115074,724,47601,22444,13,0
955,51,Male,Single,115655,560,4407,42058,435,0
956,66,Male,Single,93869,725,34075,18061,406,0
957,31,Male,Single,25410,386,47299,2881,363,0
958,43,Female,Single,103375,764,5327,29863,115,0
959,62,Female,Married,76044,375,31107,45826,94,0
960,44,Male,Single,83315,770,14199,5622,223,0
961,26,Female,Single,116055,713,37792,1378,130,0
962,43,Male,Married,91344,756,48461,17632,141,0
963,64,Male,Married,26796,584,26383,28311,347,0
964,39,Female,Married,106716,538,49491,5650,206,0
965,64,Male,Single,74245,671,5813,45201,28,0
966,47,Male,Divorced,63056,794,14098,42224,139,0
967,60,Female,Divorced,37709,344,46326,7036,21,1
968,65,Male,Married,139664,700,29307,39255,90,0
969,34,Male,Divorced,78557,546,5387,22499,339,0
970,43,Male,Married,37543,749,4354,37016,363,0
971,53,Male,Single,57418,784,45726,4603,271,0
972,18,Female,Divorced,114611,317,15036,27773,401,0
973,25,Female,Single,123291,588,4058,19937,134,0
974,66,Female,Divorced,133504,713,10272,12632,316,0
975,52,Male,Single,123001,534,36843,30607,276,1
976,69,Male,Divorced,116038,715,35686,26337,456,0
977,32,Female,Single,36724,798,37466,220,450,0
978,64,Male,Single,23828,414,34269,46994,392,0
979,39,Male,Divorced,136656,533,40387,4818,149,0
980,31,Male,Single,37087,839,19729,7349,338,0
981,43,Male,Single,32605,310,10173,5618,11,0
982,45,Female,Single,51337,505,28377,27464,17,0
983,40,Female,Divorced,25482,546,32101,42624,259,0
984,31,Female,Divorced,85333,426,38584,37344,148,0
985,41,Male,Single,112541,446,16744,18255,133,0
986,19,Female,Single,108296,417,27856,24299,318,0
987,62,Female,Divorced,70952,681,17306,47975,237,0
988,43,Male,Divorced,25463,711,23599,1462,19,0
989,31,Male,Single,132164,662,45141,15905,478,0
990,68,Female,Single,90448,808,37534,24920,221,0
991,24,Female,Single,24648,436,40817,16252,121,0
992,20,Female,Married,53623,474,19594,41004,17,0
993,64,Female,Divorced,79156,588,11089,40581,301,0
994,40,Male,Married,55634,780,2157,34836,486,0
995,63,Female,Divorced,64602,318,33264,5753,371,0
996,60,Female,Divorced,134598,494,40031,40005,469,0
997,64,Male,Divorced,69334,629,3664,14175,262,0
998,62,Female,Divorced,88648,474,28042,6191,23,0
999,35,Male,Divorced,42054,748,18937,17898,249,0
1000,55,Male,Divorced,90028,653,41747,18982,447,0
